{
  "timestamp": "2024-12-09T14:51:16.871925",
  "scene_token": "bebf5f5b2a674631ab5c88fd1aa9e87a",
  "statistics": {
    "frame_reduction_ratio": 0.7357142857142858,
    "avg_tracking_confidence": 0.0,
    "avg_classification_confidence": 0.0,
    "processing_time": 0.15
  }
}